{
  "noise_type": "gaussian",
  "noise_param": 25.0,
  "train_loss": [
    0.058752244431525456,
    0.006169428620487451,
    0.004716069449670613,
    0.00435472263675183,
    0.004146482788957654,
    0.003898478687275201,
    0.003882295188494027,
    0.0038645950993523004,
    0.003821663053706288,
    0.003723218444734812,
    0.0035253326576203114,
    0.003699172713793814,
    0.00352857351815328,
    0.0036400791499763725,
    0.003707041710615158,
    0.0035696510747075085,
    0.003599232000298798,
    0.0035905002164654436,
    0.0035233234879560767,
    0.003635269550606608,
    0.003452354812994599,
    0.00356388255674392,
    0.003526686945464462,
    0.003455773800611496,
    0.0034992386102676394,
    0.003636449064128101,
    0.0035113469520583742,
    0.003451268523465842,
    0.0034571680042427035,
    0.0035204649283550682,
    0.0035368431550450623,
    0.003406047257129103,
    0.003498276033438742,
    0.0034646054012700917,
    0.003544548209058121,
    0.0035034545692615208,
    0.0035322005576454104,
    0.003431531788315624,
    0.0034450680506415664,
    0.003440628019860014,
    0.0035900216521695255,
    0.00344659056328237,
    0.003412715799408034,
    0.0034539777254685754,
    0.0034001430897042154,
    0.0035909299398772425,
    0.003405730704776943,
    0.0035123009961098434,
    0.0035687533989548687,
    0.0035247532380744814,
    0.0033645383995026352,
    0.003451575085055083,
    0.0035828446638770397,
    0.0034373720558360217,
    0.003439852333627641,
    0.003535164451226592,
    0.003374358889646828,
    0.0034595823748968546,
    0.0035007780685555193,
    0.0034579594628885387,
    0.0035001108800061047,
    0.003537386020179838,
    0.0035440451772883533,
    0.0034081360169220714,
    0.0035540528772398826,
    0.0034930491065606473,
    0.0034846361125819387,
    0.0034471180634573105,
    0.0034565219320356845,
    0.003421164745464921,
    0.0035399965788237746,
    0.0034150793799199164,
    0.0034886529585346584,
    0.0035281800511293114,
    0.0034530276264995337,
    0.00350811405107379,
    0.003535608823411167,
    0.0034087708187289538,
    0.003548355646431446,
    0.003417766232974827,
    0.0034849531315267086,
    0.003498784972820431,
    0.003446191976778209,
    0.003588817227631807,
    0.0034852075027301905,
    0.0034008730757050217,
    0.0034725288520567124,
    0.003404598312452436,
    0.003358364300569519,
    0.0034655646653845907,
    0.00347087745508179,
    0.0034482280767988414,
    0.0035273986691609026,
    0.0034250361868180335,
    0.003598243142943829,
    0.0034331746851094065,
    0.003480222544632852,
    0.0032894086544401945,
    0.0034469336587935684,
    0.00339689882285893,
    0.0034790044901892546,
    0.0034995152950286863,
    0.0034274830678477884,
    0.003491080969572067,
    0.0033184120072983206,
    0.00336844922369346,
    0.0033797192024067045,
    0.0034674064442515376,
    0.0035398750049062066,
    0.003537738596554846,
    0.0034924258561804893,
    0.003381190267391503,
    0.0034420912563800808,
    0.0034562268136069177,
    0.0034353649336844685,
    0.003368682851549238,
    0.0035257229809649284,
    0.003514338972046971,
    0.00342479522479698,
    0.0034992594313807785,
    0.003483091440517455,
    0.003535763029940427,
    0.003486966541502625,
    0.0034513637642376123,
    0.0035439407927915457,
    0.0035020165517926213,
    0.0033436256828717884,
    0.003535396731458604,
    0.003425928392447531,
    0.003430296008009463,
    0.0034827675572596493,
    0.003418455534614623,
    0.0034582155477255578,
    0.003381211881991476,
    0.0034454002231359485,
    0.0033834303808398538,
    0.0034741455903276796,
    0.003498290905263275,
    0.0035442180270329115,
    0.0034709266209974887,
    0.0035224577100016175,
    0.0034266020306386057,
    0.0034387236954644324,
    0.0034124840437434615,
    0.0033586777341552084,
    0.00349321873113513,
    0.0034118796712718905,
    0.0035854096426628534,
    0.003478909738361835,
    0.003569586266297847,
    0.0034682420387398454,
    0.003397138522937894,
    0.0033920735958963637,
    0.003447788575431332,
    0.003376753233373165,
    0.0035040651420131324,
    0.00345907634543255,
    0.0034229908045381304,
    0.0034122014441527434,
    0.0035203525880351666,
    0.003489198402734473,
    0.003371646136045456,
    0.003432634827680886,
    0.0035458946200087665,
    0.00342337593389675,
    0.003530072994995862,
    0.003499606662429869,
    0.003446761299856007,
    0.0034850265514105557,
    0.003366980429273099,
    0.003521357487887144,
    0.0034658128260634836,
    0.0034473140235058964,
    0.003493484171107412,
    0.0034747314467094836,
    0.003436576542444527,
    0.0033896562876179815,
    0.003388595557771623,
    0.0034459359711036088,
    0.003480211776681244,
    0.003404154520481825,
    0.0034356566695496445,
    0.0033762962091714145,
    0.003511730046477169,
    0.0033576129684224723,
    0.0034814784158952532,
    0.0034606373165734115,
    0.0035799439419060943,
    0.0033982837875373663,
    0.003462663065642118,
    0.003425316629000008,
    0.0034681386998854577,
    0.0033324948861263694,
    0.0035711403535678985,
    0.003392466361168772,
    0.003534096200019121,
    0.0034719265718013053,
    0.00349839221034199,
    0.0033782953666523104,
    0.0034359262716025115
  ],