{
  "noise_type": "gaussian",
  "noise_param": 25.0,
  "train_loss": [
    0.005491242247167974,
    0.0014103010083781552,
    0.0011761491240467876,
    0.0011178237533604261,
    0.0009297202858433594,
    0.0008463240354321897,
    0.0008569774740317372,
    0.0007989398328354582,
    0.0007627602216671221,
    0.0007426960075681563,
    0.000737360923201777,
    0.0007172482446767389,
    0.0007146643982559908,
    0.0007131664500047918,
    0.0007051474240433891,
    0.0007063303236209322,
    0.0006816601829486899,
    0.0006940781939192675,
    0.0006792758075462189,
    0.0007015300993807613,
    0.0006834566360339522,
    0.0006770842716650804,
    0.0006814251804171362,
    0.0006861133661732311,
    0.0006344700261834077,
    0.0006503274149872595,
    0.0006288705092738383,
    0.0006545831415278372,
    0.0006368428284331459,
    0.000635703224048484,
    0.0006310581009893212,
    0.0006347743335936684,
    0.0006252220060850959,
    0.000614459738280857,
    0.0006605127576476662,
    0.0006135123107524124,
    0.0006342042855976615,
    0.0006086405683017801,
    0.0006124759154918138,
    0.0006269962380320065,
    0.0006009715369727929,
    0.0006242846043896862,
    0.0006024480270134518,
    0.0006295061797718519,
    0.0006160588849888882,
    0.0005968317058868706,
    0.0006043292110261974,
    0.0006009134485939285,
    0.0005982744559441925,
    0.0006225558693986387,
    0.0006187032346206252,
    0.0006284399423748254,
    0.0005826075379736721,
    0.0006225550736417062,
    0.0005864538833411642,
    0.0006015483236697036,
    0.0005976235297566747,
    0.0005952472226053942,
    0.0006149882281897589,
    0.0005841803827206604,
    0.0005898599534848472,
    0.0005806759200058878,
    0.0006123335927695734,
    0.0005958099267154467,
    0.0005973157147673192,
    0.0005832966572343138,
    0.0006078450062923366,
    0.0005888566953071858,
    0.0005846819385769777,
    0.0005727887646935415,
    0.000589806121570291,
    0.0005931875399983256,
    0.0005861935072753113,
    0.0005622699003142771,
    0.0005993443477782421,
    0.0005811551697843243,
    0.0005803094409930054,
    0.0005842922998563153,
    0.0005972653042554157,
    0.0005938520727213471,
    0.0005741405535372906,
    0.0005744420744595118,
    0.0006003031651780475,
    0.0005958211537508759,
    0.0005633858216169756,
    0.0005833722913521341,
    0.0005817019439273281,
    0.0005708677867514781,
    0.0005844404539675452,
    0.000577142471272964,
    0.0005738155671133426,
    0.000552600916213123,
    0.0005693506459356286,
    0.000612728317544679,
    0.000566540292405989,
    0.0005908549620362465,
    0.0005703902217064752,
    0.0005765112396038602,
    0.0005882325914135435,
    0.0005625028955691959,
    0.0005740213087119626,
    0.0005593621976295253,
    0.0005536818583641434,
    0.0005766298183007166,
    0.0005760494295100215,
    0.0005552535119059031,
    0.0005768563547171653,
    0.0005760823865130079,
    0.0005535874238121323,
    0.0005665961346385301,
    0.0005675568046572154,
    0.0005866206686769148,
    0.000571021978801582,
    0.0005612358277285238,
    0.0005608083898987388,
    0.000586275260851835,
    0.000571920096190297,
    0.0005760113556025317,
    0.0005595494454901201,
    0.0005636493177444208,
    0.0005407043646555394,
    0.0005626875180314528,
    0.000581616771814879,
    0.0005621581239101943,
    0.0005688926883303793,
    0.0005477054883958771,
    0.0005786287685186836,
    0.0005595348665519851,
    0.0005556769142567645,
    0.0005727276680700015,
    0.0005501653539249673,
    0.0005585066689236556,
    0.0005604724546137732,
    0.000559085704939207,
    0.0005452637012785999,
    0.0005558266440493753,
    0.0005529516054666603,
    0.000564837213503779,
    0.0005484288588631898,
    0.0005599779211770511,
    0.0005497218266245908,
    0.0005495180669386173,
    0.0005429619969509076,
    0.0005641053961298895,
    0.0005439737057022284,
    0.0005495975064404775,
    0.0005417982178041712,
    0.0005614494305336848,
    0.0005655222000204958,
    0.0005592084864038043,
    0.0005635094592289534,
    0.0005526714095612989,
    0.0005552586249978049,
    0.0005365798122656997,
    0.0005268949751334731,
    0.0005491027894822763,
    0.0005719441329856636,
    0.0005492679882008816,
    0.0005410269392305053,
    0.0005391699345927918,
    0.0005399735665996559,
    0.0005487221434741514,
    0.0005483115286770044,
    0.0005587327513349009,
    0.0005632889867847554,
    0.0005556820128113031,
    0.0005408983137022007,
    0.0005465846142178633,
    0.0005549021567276215,
    0.0005557734991598409,
    0.0005523950943461387,
    0.0005325993038422894,
    0.0005199165261874441,
    0.0005620814295471064,
    0.0005383100473845844,
    0.0005477103018492926,
    0.0005574333848053358,
    0.0005412271710520145,
    0.0005541375432367203,
    0.0005553323995700339,
    0.0005468234020809178,
    0.0005575796992925461,
    0.0005302617019333412,
    0.0005452325858641416,
    0.000550634881015867,
    0.0005558102942159167,
    0.0005615380530507538,
    0.0005278680557821645,
    0.0005515533541038166,
    0.0005361311679880599,
    0.0005359920699265785,
    0.0005514477676624664,
    0.000539544856736029,
    0.0005589443582721288,
    0.0005599191793153295,
    0.0005419933117809706,
    0.0005335779975430341,
    0.00054122063498653,
    0.000522864305487019,
    0.0005464450481958922
  ],